ts	awake	submitted	loop	actions
2026-07-09T19:17:41Z	dsllama-8b=1,dsqwen-14b=1,dsqwen-7b=1	0	fairness	[]
2026-07-09T19:17:57Z	dsllama-8b=1,dsqwen-14b=1,dsqwen-7b=1	NA	NA	NA
2026-07-09T19:18:12Z	dsllama-8b=1,dsqwen-14b=1,dsqwen-7b=1	NA	NA	NA
2026-07-09T19:18:28Z	dsllama-8b=1,dsqwen-14b=1,dsqwen-7b=1	NA	NA	NA
2026-07-09T19:18:44Z	dsllama-8b=1,dsqwen-14b=1,dsqwen-7b=1	NA	NA	NA
2026-07-09T19:19:00Z	dsllama-8b=1,dsqwen-14b=1,dsqwen-7b=1	NA	NA	NA
2026-07-09T19:19:15Z	dsllama-8b=1,dsqwen-14b=1,dsqwen-7b=1	NA	NA	NA
2026-07-09T19:19:31Z	dsllama-8b=1,dsqwen-14b=1,dsqwen-7b=1	NA	NA	NA
2026-07-09T19:19:47Z	dsllama-8b=1,dsqwen-14b=1,dsqwen-7b=1	NA	NA	NA
2026-07-09T19:20:03Z	dsllama-8b=1,dsqwen-14b=1,dsqwen-7b=1	NA	NA	NA
2026-07-09T19:20:18Z	dsllama-8b=1,dsqwen-14b=1,dsqwen-7b=1	NA	NA	NA
2026-07-09T19:20:34Z	dsllama-8b=1,dsqwen-14b=1,dsqwen-7b=1	NA	NA	NA
2026-07-09T19:20:50Z	dsllama-8b=1,dsqwen-14b=1,dsqwen-7b=1	NA	NA	NA
2026-07-09T19:21:05Z	dsllama-8b=1,dsqwen-14b=1,dsqwen-7b=1	NA	NA	NA
2026-07-09T19:21:21Z	dsllama-8b=1,dsqwen-14b=1,dsqwen-7b=1	NA	NA	NA
2026-07-09T19:21:37Z	dsllama-8b=1,dsqwen-14b=1,dsqwen-7b=1	NA	NA	NA
2026-07-09T19:21:52Z	dsllama-8b=1,dsqwen-14b=1,dsqwen-7b=1	NA	NA	NA
2026-07-09T19:22:08Z	dsllama-8b=1,dsqwen-14b=1,dsqwen-7b=1	NA	NA	NA
2026-07-09T19:22:24Z	dsllama-8b=1,dsqwen-14b=1,dsqwen-7b=1	NA	NA	NA
2026-07-09T19:22:40Z	dsllama-8b=1,dsqwen-14b=1,dsqwen-7b=1	NA	NA	NA
2026-07-09T19:22:55Z	dsllama-8b=1,dsqwen-14b=1,dsqwen-7b=1	NA	NA	NA
2026-07-09T19:23:11Z	dsllama-8b=1,dsqwen-14b=1,dsqwen-7b=1	NA	NA	NA
2026-07-09T19:23:26Z	dsllama-8b=1,dsqwen-14b=1,dsqwen-7b=1	NA	NA	NA
2026-07-09T19:23:42Z	dsllama-8b=1,dsqwen-14b=1,dsqwen-7b=1	NA	NA	NA
2026-07-09T19:23:58Z	dsllama-8b=1,dsqwen-14b=1,dsqwen-7b=1	NA	NA	NA
2026-07-09T19:24:14Z	dsllama-8b=1,dsqwen-14b=1,dsqwen-7b=1	NA	NA	NA
2026-07-09T19:24:29Z	dsllama-8b=1,dsqwen-14b=1,dsqwen-7b=1	NA	NA	NA
2026-07-09T19:24:45Z	dsllama-8b=1,dsqwen-14b=1,dsqwen-7b=1	NA	NA	NA
2026-07-09T19:25:01Z	dsllama-8b=1,dsqwen-14b=1,dsqwen-7b=1	NA	NA	NA
2026-07-09T19:25:16Z	dsllama-8b=1,dsqwen-14b=1,dsqwen-7b=1	NA	NA	NA
2026-07-09T19:25:32Z	dsllama-8b=1,dsqwen-14b=1,dsqwen-7b=1	NA	NA	NA
2026-07-09T19:25:48Z	dsllama-8b=1,dsqwen-14b=1,dsqwen-7b=1	NA	NA	NA
2026-07-09T19:26:03Z	dsllama-8b=1,dsqwen-14b=1,dsqwen-7b=1	NA	NA	NA
2026-07-09T19:26:19Z	dsllama-8b=1,dsqwen-14b=1,dsqwen-7b=1	NA	NA	NA
2026-07-09T19:26:35Z	dsllama-8b=1,dsqwen-14b=1,dsqwen-7b=1	NA	NA	NA
2026-07-09T19:26:50Z	dsllama-8b=1,dsqwen-14b=1,dsqwen-7b=1	NA	NA	NA
2026-07-09T19:27:06Z	dsllama-8b=1,dsqwen-14b=1,dsqwen-7b=1	NA	NA	NA
2026-07-09T19:27:22Z	dsllama-8b=1,dsqwen-14b=1,dsqwen-7b=1	NA	NA	NA
2026-07-09T19:27:37Z	dsllama-8b=1,dsqwen-14b=1,dsqwen-7b=1	NA	NA	NA
2026-07-09T19:27:53Z	dsllama-8b=1,dsqwen-14b=1,dsqwen-7b=1	NA	NA	NA
2026-07-09T19:28:09Z	dsllama-8b=1,dsqwen-14b=1,dsqwen-7b=1	NA	NA	NA
2026-07-09T19:28:25Z	dsllama-8b=1,dsqwen-14b=1,dsqwen-7b=1	NA	NA	NA
2026-07-09T19:28:40Z	dsllama-8b=1,dsqwen-14b=1,dsqwen-7b=1	NA	NA	NA
2026-07-09T19:28:56Z	dsllama-8b=1,dsqwen-14b=1,dsqwen-7b=1	NA	NA	NA
2026-07-09T19:29:12Z	dsllama-8b=1,dsqwen-14b=1,dsqwen-7b=1	NA	NA	NA
2026-07-09T19:29:27Z	dsllama-8b=1,dsqwen-14b=1,dsqwen-7b=1	NA	NA	NA
2026-07-09T19:29:43Z	dsllama-8b=1,dsqwen-14b=1,dsqwen-7b=1	NA	NA	NA
2026-07-09T19:29:59Z	dsllama-8b=1,dsqwen-14b=1,dsqwen-7b=1	NA	NA	NA
2026-07-09T19:30:14Z	dsllama-8b=1,dsqwen-14b=1,dsqwen-7b=1	NA	NA	NA
2026-07-09T19:30:30Z	dsllama-8b=1,dsqwen-14b=1,dsqwen-7b=1	NA	NA	NA
2026-07-09T19:30:46Z	dsllama-8b=1,dsqwen-14b=1,dsqwen-7b=1	NA	NA	NA
2026-07-09T19:31:02Z	dsllama-8b=1,dsqwen-14b=1,dsqwen-7b=1	NA	NA	NA
2026-07-09T19:31:17Z	dsllama-8b=1,dsqwen-14b=1,dsqwen-7b=1	NA	NA	NA
2026-07-09T19:31:33Z	dsllama-8b=1,dsqwen-14b=1,dsqwen-7b=1	NA	NA	NA
2026-07-09T19:31:49Z	dsllama-8b=1,dsqwen-14b=1,dsqwen-7b=1	NA	NA	NA
2026-07-09T19:32:05Z	dsllama-8b=1,dsqwen-14b=1,dsqwen-7b=1	NA	NA	NA
2026-07-09T19:32:20Z	dsllama-8b=1,dsqwen-14b=1,dsqwen-7b=1	NA	NA	NA
2026-07-09T19:32:36Z	dsllama-8b=1,dsqwen-14b=1,dsqwen-7b=1	NA	NA	NA
2026-07-09T19:32:52Z	dsllama-8b=1,dsqwen-14b=1,dsqwen-7b=1	NA	NA	NA
2026-07-09T19:33:07Z	dsllama-8b=1,dsqwen-14b=1,dsqwen-7b=1	NA	NA	NA
2026-07-09T19:33:23Z	dsllama-8b=1,dsqwen-14b=1,dsqwen-7b=1	NA	NA	NA
2026-07-09T19:33:39Z	dsllama-8b=1,dsqwen-14b=1,dsqwen-7b=1	NA	NA	NA
2026-07-09T19:33:55Z	dsllama-8b=1,dsqwen-14b=1,dsqwen-7b=1	NA	NA	NA
2026-07-09T19:34:10Z	dsllama-8b=1,dsqwen-14b=1,dsqwen-7b=1	NA	NA	NA
2026-07-09T19:34:26Z	dsllama-8b=1,dsqwen-14b=1,dsqwen-7b=1	NA	NA	NA
2026-07-09T19:34:42Z	dsllama-8b=1,dsqwen-14b=1,dsqwen-7b=1	NA	NA	NA
2026-07-09T19:34:57Z	dsllama-8b=1,dsqwen-14b=1,dsqwen-7b=1	NA	NA	NA
2026-07-09T19:35:13Z	dsllama-8b=1,dsqwen-14b=1,dsqwen-7b=1	NA	NA	NA
2026-07-09T19:35:29Z	dsllama-8b=1,dsqwen-14b=1,dsqwen-7b=1	NA	NA	NA
2026-07-09T19:35:44Z	dsllama-8b=1,dsqwen-14b=1,dsqwen-7b=1	NA	NA	NA
2026-07-09T19:36:00Z	dsllama-8b=1,dsqwen-14b=1,dsqwen-7b=1	NA	NA	NA
2026-07-09T19:36:16Z	dsllama-8b=1,dsqwen-14b=1,dsqwen-7b=1	NA	NA	NA
2026-07-09T19:36:31Z	dsllama-8b=1,dsqwen-14b=1,dsqwen-7b=1	NA	NA	NA
2026-07-09T19:36:47Z	dsllama-8b=1,dsqwen-14b=1,dsqwen-7b=1	NA	NA	NA
2026-07-09T19:37:03Z	dsllama-8b=1,dsqwen-14b=1,dsqwen-7b=1	NA	NA	NA
2026-07-09T19:37:19Z	dsllama-8b=1,dsqwen-14b=1,dsqwen-7b=1	NA	NA	NA
2026-07-09T19:37:34Z	dsllama-8b=1,dsqwen-14b=1,dsqwen-7b=1	NA	NA	NA
2026-07-09T19:37:50Z	dsllama-8b=1,dsqwen-14b=1,dsqwen-7b=1	NA	NA	NA
2026-07-09T19:38:06Z	dsllama-8b=1,dsqwen-14b=1,dsqwen-7b=1	NA	NA	NA
2026-07-09T19:38:21Z	dsllama-8b=1,dsqwen-14b=1,dsqwen-7b=1	NA	NA	NA
2026-07-09T19:38:37Z	dsllama-8b=1,dsqwen-14b=1,dsqwen-7b=1	NA	NA	NA
2026-07-09T19:38:53Z	dsllama-8b=1,dsqwen-14b=1,dsqwen-7b=1	NA	NA	NA
2026-07-09T19:39:08Z	dsllama-8b=1,dsqwen-14b=1,dsqwen-7b=1	NA	NA	NA
2026-07-09T19:39:24Z	dsllama-8b=1,dsqwen-14b=1,dsqwen-7b=1	NA	NA	NA
2026-07-09T19:39:40Z	dsllama-8b=1,dsqwen-14b=1,dsqwen-7b=1	NA	NA	NA
2026-07-09T19:39:56Z	dsllama-8b=1,dsqwen-14b=1,dsqwen-7b=1	NA	NA	NA
2026-07-09T19:40:11Z	dsllama-8b=1,dsqwen-14b=1,dsqwen-7b=1	NA	NA	NA
2026-07-09T19:40:27Z	dsllama-8b=1,dsqwen-14b=1,dsqwen-7b=1	NA	NA	NA
2026-07-09T19:40:43Z	dsllama-8b=1,dsqwen-14b=1,dsqwen-7b=1	NA	NA	NA
2026-07-09T19:40:59Z	dsllama-8b=1,dsqwen-14b=1,dsqwen-7b=1	NA	NA	NA
2026-07-09T19:41:14Z	dsllama-8b=1,dsqwen-14b=1,dsqwen-7b=1	NA	NA	NA
2026-07-09T19:41:30Z	dsllama-8b=1,dsqwen-14b=1,dsqwen-7b=1	NA	NA	NA
2026-07-09T19:41:46Z	dsllama-8b=1,dsqwen-14b=1,dsqwen-7b=1	NA	NA	NA
2026-07-09T19:42:01Z	dsllama-8b=1,dsqwen-14b=1,dsqwen-7b=1	NA	NA	NA
2026-07-09T19:42:17Z	dsllama-8b=1,dsqwen-14b=1,dsqwen-7b=1	NA	NA	NA
2026-07-09T19:42:33Z	dsllama-8b=1,dsqwen-14b=1,dsqwen-7b=1	NA	NA	NA
2026-07-09T19:42:48Z	dsllama-8b=1,dsqwen-14b=1,dsqwen-7b=1	NA	NA	NA
2026-07-09T19:43:04Z	dsllama-8b=1,dsqwen-14b=1,dsqwen-7b=1	NA	NA	NA
2026-07-09T19:43:20Z	dsllama-8b=1,dsqwen-14b=1,dsqwen-7b=1	NA	NA	NA
2026-07-09T19:43:36Z	dsllama-8b=1,dsqwen-14b=1,dsqwen-7b=1	NA	NA	NA
2026-07-09T19:43:51Z	dsllama-8b=1,dsqwen-14b=1,dsqwen-7b=1	NA	NA	NA
2026-07-09T19:44:07Z	dsllama-8b=1,dsqwen-14b=1,dsqwen-7b=1	NA	NA	NA
2026-07-09T19:44:23Z	dsllama-8b=1,dsqwen-14b=1,dsqwen-7b=1	NA	NA	NA
2026-07-09T19:44:38Z	dsllama-8b=1,dsqwen-14b=1,dsqwen-7b=1	NA	NA	NA
2026-07-09T19:44:54Z	dsllama-8b=1,dsqwen-14b=1,dsqwen-7b=1	NA	NA	NA
2026-07-09T19:45:10Z	dsllama-8b=1,dsqwen-14b=1,dsqwen-7b=1	NA	NA	NA
2026-07-09T19:45:26Z	dsllama-8b=1,dsqwen-14b=1,dsqwen-7b=1	NA	NA	NA
2026-07-09T19:45:41Z	dsllama-8b=1,dsqwen-14b=1,dsqwen-7b=1	NA	NA	NA
2026-07-09T19:45:57Z	dsllama-8b=1,dsqwen-14b=1,dsqwen-7b=1	NA	NA	NA
2026-07-09T19:46:13Z	dsllama-8b=1,dsqwen-14b=1,dsqwen-7b=1	NA	NA	NA
2026-07-09T19:46:28Z	dsllama-8b=1,dsqwen-14b=1,dsqwen-7b=1	NA	NA	NA
2026-07-09T19:46:44Z	dsllama-8b=1,dsqwen-14b=1,dsqwen-7b=1	NA	NA	NA
2026-07-09T19:47:00Z	dsllama-8b=1,dsqwen-14b=1,dsqwen-7b=1	NA	NA	NA
2026-07-09T19:47:15Z	dsllama-8b=1,dsqwen-14b=1,dsqwen-7b=1	NA	NA	NA
2026-07-09T19:47:31Z	dsllama-8b=1,dsqwen-14b=1,dsqwen-7b=1	NA	NA	NA
2026-07-09T19:47:47Z	dsllama-8b=1,dsqwen-14b=1,dsqwen-7b=1	NA	NA	NA
2026-07-09T19:48:02Z	dsllama-8b=1,dsqwen-14b=1,dsqwen-7b=1	NA	NA	NA
2026-07-09T19:48:18Z	dsllama-8b=1,dsqwen-14b=1,dsqwen-7b=1	NA	NA	NA
2026-07-09T19:48:34Z	dsllama-8b=1,dsqwen-14b=1,dsqwen-7b=1	NA	NA	NA
2026-07-09T19:48:50Z	dsllama-8b=1,dsqwen-14b=1,dsqwen-7b=1	NA	NA	NA
2026-07-09T19:49:05Z	dsllama-8b=1,dsqwen-14b=1,dsqwen-7b=1	NA	NA	NA
2026-07-09T19:49:21Z	dsllama-8b=1,dsqwen-14b=1,dsqwen-7b=1	NA	NA	NA
2026-07-09T19:49:37Z	dsllama-8b=1,dsqwen-14b=1,dsqwen-7b=1	NA	NA	NA
2026-07-09T19:49:52Z	dsllama-8b=1,dsqwen-14b=1,dsqwen-7b=1	NA	NA	NA
2026-07-09T19:50:08Z	dsllama-8b=1,dsqwen-14b=1,dsqwen-7b=1	NA	NA	NA
2026-07-09T19:50:24Z	dsllama-8b=1,dsqwen-14b=1,dsqwen-7b=1	NA	NA	NA
2026-07-09T19:50:39Z	dsllama-8b=1,dsqwen-14b=1,dsqwen-7b=1	NA	NA	NA
2026-07-09T19:50:55Z	dsllama-8b=1,dsqwen-14b=1,dsqwen-7b=1	NA	NA	NA
2026-07-09T19:51:11Z	dsllama-8b=1,dsqwen-14b=1,dsqwen-7b=1	NA	NA	NA
2026-07-09T19:51:27Z	dsllama-8b=1,dsqwen-14b=1,dsqwen-7b=1	NA	NA	NA
2026-07-09T19:51:42Z	dsllama-8b=1,dsqwen-14b=1,dsqwen-7b=1	NA	NA	NA
2026-07-09T19:51:58Z	dsllama-8b=1,dsqwen-14b=1,dsqwen-7b=1	NA	NA	NA
2026-07-09T19:52:14Z	dsllama-8b=1,dsqwen-14b=1,dsqwen-7b=1	NA	NA	NA
2026-07-09T19:52:29Z	dsllama-8b=1,dsqwen-14b=1,dsqwen-7b=1	NA	NA	NA
2026-07-09T19:52:45Z	dsllama-8b=1,dsqwen-14b=1,dsqwen-7b=1	NA	NA	NA
2026-07-09T19:53:01Z	dsllama-8b=1,dsqwen-14b=1,dsqwen-7b=1	NA	NA	NA
2026-07-09T19:53:17Z	dsllama-8b=1,dsqwen-14b=1,dsqwen-7b=1	NA	NA	NA
2026-07-09T19:53:32Z	dsllama-8b=1,dsqwen-14b=1,dsqwen-7b=1	NA	NA	NA
2026-07-09T19:53:48Z	dsllama-8b=1,dsqwen-14b=1,dsqwen-7b=1	NA	NA	NA
2026-07-09T19:54:04Z	dsllama-8b=1,dsqwen-14b=1,dsqwen-7b=1	NA	NA	NA
2026-07-09T19:54:19Z	dsllama-8b=1,dsqwen-14b=1,dsqwen-7b=1	NA	NA	NA
2026-07-09T19:54:35Z	dsllama-8b=1,dsqwen-14b=1,dsqwen-7b=1	NA	NA	NA
2026-07-09T19:54:51Z	dsllama-8b=1,dsqwen-14b=1,dsqwen-7b=1	NA	NA	NA
2026-07-09T19:55:06Z	dsllama-8b=1,dsqwen-14b=1,dsqwen-7b=1	NA	NA	NA
2026-07-09T19:55:22Z	dsllama-8b=1,dsqwen-14b=1,dsqwen-7b=1	NA	NA	NA
2026-07-09T19:55:38Z	dsllama-8b=1,dsqwen-14b=1,dsqwen-7b=1	NA	NA	NA
2026-07-09T19:55:53Z	dsllama-8b=1,dsqwen-14b=1,dsqwen-7b=1	NA	NA	NA
2026-07-09T19:56:09Z	dsllama-8b=1,dsqwen-14b=1,dsqwen-7b=1	NA	NA	NA
2026-07-09T19:56:25Z	dsllama-8b=1,dsqwen-14b=1,dsqwen-7b=1	NA	NA	NA
2026-07-09T19:56:41Z	dsllama-8b=1,dsqwen-14b=1,dsqwen-7b=1	NA	NA	NA
2026-07-09T19:56:56Z	dsllama-8b=1,dsqwen-14b=1,dsqwen-7b=1	NA	NA	NA
2026-07-09T19:57:12Z	dsllama-8b=1,dsqwen-14b=1,dsqwen-7b=1	NA	NA	NA
2026-07-09T19:57:28Z	dsllama-8b=1,dsqwen-14b=1,dsqwen-7b=1	NA	NA	NA
2026-07-09T19:57:43Z	dsllama-8b=1,dsqwen-14b=1,dsqwen-7b=1	NA	NA	NA
2026-07-09T19:57:59Z	dsllama-8b=1,dsqwen-14b=1,dsqwen-7b=1	NA	NA	NA
2026-07-09T19:58:15Z	dsllama-8b=1,dsqwen-14b=1,dsqwen-7b=1	NA	NA	NA
2026-07-09T19:58:30Z	dsllama-8b=1,dsqwen-14b=1,dsqwen-7b=1	NA	NA	NA
2026-07-09T19:58:46Z	dsllama-8b=1,dsqwen-14b=1,dsqwen-7b=1	NA	NA	NA
2026-07-09T19:59:02Z	dsllama-8b=1,dsqwen-14b=1,dsqwen-7b=1	NA	NA	NA
2026-07-09T19:59:18Z	dsllama-8b=1,dsqwen-14b=1,dsqwen-7b=1	NA	NA	NA
2026-07-09T19:59:33Z	dsllama-8b=1,dsqwen-14b=1,dsqwen-7b=1	NA	NA	NA
2026-07-09T19:59:49Z	dsllama-8b=1,dsqwen-14b=1,dsqwen-7b=1	NA	NA	NA
2026-07-09T20:00:05Z	dsllama-8b=1,dsqwen-14b=1,dsqwen-7b=1	NA	NA	NA
2026-07-09T20:00:21Z	dsllama-8b=1,dsqwen-14b=1,dsqwen-7b=1	NA	NA	NA
2026-07-09T20:00:36Z	dsllama-8b=1,dsqwen-14b=1,dsqwen-7b=1	NA	NA	NA
2026-07-09T20:00:52Z	dsllama-8b=1,dsqwen-14b=1,dsqwen-7b=1	NA	NA	NA
2026-07-09T20:01:08Z	dsllama-8b=1,dsqwen-14b=1,dsqwen-7b=1	NA	NA	NA
2026-07-09T20:01:23Z	dsllama-8b=1,dsqwen-14b=1,dsqwen-7b=1	NA	NA	NA
2026-07-09T20:01:39Z	dsllama-8b=1,dsqwen-14b=1,dsqwen-7b=1	NA	NA	NA
2026-07-09T20:01:55Z	dsllama-8b=1,dsqwen-14b=1,dsqwen-7b=1	NA	NA	NA
2026-07-09T20:02:10Z	dsllama-8b=1,dsqwen-14b=1,dsqwen-7b=1	NA	NA	NA
2026-07-09T20:02:26Z	dsllama-8b=1,dsqwen-14b=1,dsqwen-7b=1	NA	NA	NA
2026-07-09T20:02:42Z	dsllama-8b=1,dsqwen-14b=1,dsqwen-7b=1	NA	NA	NA
2026-07-09T20:02:57Z	dsllama-8b=1,dsqwen-14b=1,dsqwen-7b=1	NA	NA	NA
2026-07-09T20:03:13Z	dsllama-8b=1,dsqwen-14b=1,dsqwen-7b=1	NA	NA	NA
2026-07-09T20:03:29Z	dsllama-8b=1,dsqwen-14b=1,dsqwen-7b=1	NA	NA	NA
2026-07-09T20:03:45Z	dsllama-8b=1,dsqwen-14b=1,dsqwen-7b=1	NA	NA	NA
2026-07-09T20:04:00Z	dsllama-8b=1,dsqwen-14b=1,dsqwen-7b=1	NA	NA	NA
2026-07-09T20:04:16Z	dsllama-8b=1,dsqwen-14b=1,dsqwen-7b=1	NA	NA	NA
2026-07-09T20:04:32Z	dsllama-8b=1,dsqwen-14b=1,dsqwen-7b=1	NA	NA	NA
2026-07-09T20:04:47Z	dsllama-8b=1,dsqwen-14b=1,dsqwen-7b=1	NA	NA	NA
2026-07-09T20:05:03Z	dsllama-8b=1,dsqwen-14b=1,dsqwen-7b=1	NA	NA	NA
2026-07-09T20:05:19Z	dsllama-8b=1,dsqwen-14b=1,dsqwen-7b=1	NA	NA	NA
2026-07-09T20:05:35Z	dsllama-8b=1,dsqwen-14b=1,dsqwen-7b=1	NA	NA	NA
2026-07-09T20:05:50Z	dsllama-8b=1,dsqwen-14b=1,dsqwen-7b=1	NA	NA	NA
2026-07-09T20:06:06Z	dsllama-8b=1,dsqwen-14b=1,dsqwen-7b=1	NA	NA	NA
2026-07-09T20:06:22Z	dsllama-8b=1,dsqwen-14b=1,dsqwen-7b=1	NA	NA	NA
2026-07-09T20:06:37Z	dsllama-8b=1,dsqwen-14b=1,dsqwen-7b=1	NA	NA	NA
2026-07-09T20:06:53Z	dsllama-8b=1,dsqwen-14b=1,dsqwen-7b=1	NA	NA	NA
2026-07-09T20:07:09Z	dsllama-8b=1,dsqwen-14b=1,dsqwen-7b=1	NA	NA	NA
2026-07-09T20:07:24Z	dsllama-8b=1,dsqwen-14b=1,dsqwen-7b=1	NA	NA	NA
2026-07-09T20:07:40Z	dsllama-8b=1,dsqwen-14b=1,dsqwen-7b=1	NA	NA	NA
2026-07-09T20:07:56Z	dsllama-8b=1,dsqwen-14b=1,dsqwen-7b=1	NA	NA	NA
2026-07-09T20:08:11Z	dsllama-8b=1,dsqwen-14b=1,dsqwen-7b=1	NA	NA	NA
2026-07-09T20:08:27Z	dsllama-8b=1,dsqwen-14b=1,dsqwen-7b=1	NA	NA	NA
2026-07-09T20:08:43Z	dsllama-8b=1,dsqwen-14b=1,dsqwen-7b=1	NA	NA	NA
2026-07-09T20:08:59Z	dsllama-8b=1,dsqwen-14b=1,dsqwen-7b=1	NA	NA	NA
2026-07-09T20:09:14Z	dsllama-8b=1,dsqwen-14b=1,dsqwen-7b=1	NA	NA	NA
2026-07-09T20:09:30Z	dsllama-8b=1,dsqwen-14b=1,dsqwen-7b=1	NA	NA	NA
2026-07-09T20:09:46Z	dsllama-8b=1,dsqwen-14b=1,dsqwen-7b=1	NA	NA	NA
2026-07-09T20:10:01Z	dsllama-8b=1,dsqwen-14b=1,dsqwen-7b=1	NA	NA	NA
2026-07-09T20:10:17Z	dsllama-8b=1,dsqwen-14b=1,dsqwen-7b=1	NA	NA	NA
2026-07-09T20:10:33Z	dsllama-8b=1,dsqwen-14b=1,dsqwen-7b=1	NA	NA	NA
2026-07-09T20:10:49Z	dsllama-8b=1,dsqwen-14b=1,dsqwen-7b=1	NA	NA	NA
2026-07-09T20:11:04Z	dsllama-8b=1,dsqwen-14b=1,dsqwen-7b=1	NA	NA	NA
2026-07-09T20:11:20Z	dsllama-8b=1,dsqwen-14b=1,dsqwen-7b=1	NA	NA	NA
2026-07-09T20:11:36Z	dsllama-8b=1,dsqwen-14b=1,dsqwen-7b=1	NA	NA	NA
2026-07-09T20:11:51Z	dsllama-8b=1,dsqwen-14b=1,dsqwen-7b=1	NA	NA	NA
2026-07-09T20:12:07Z	dsllama-8b=1,dsqwen-14b=1,dsqwen-7b=1	NA	NA	NA
2026-07-09T20:12:23Z	dsllama-8b=1,dsqwen-14b=1,dsqwen-7b=1	NA	NA	NA
2026-07-09T20:12:39Z	dsllama-8b=1,dsqwen-14b=1,dsqwen-7b=1	NA	NA	NA
2026-07-09T20:12:54Z	dsllama-8b=1,dsqwen-14b=1,dsqwen-7b=1	NA	NA	NA
2026-07-09T20:13:10Z	dsllama-8b=1,dsqwen-14b=1,dsqwen-7b=1	NA	NA	NA
2026-07-09T20:13:26Z	dsllama-8b=1,dsqwen-14b=1,dsqwen-7b=1	NA	NA	NA
2026-07-09T20:13:41Z	dsllama-8b=1,dsqwen-14b=1,dsqwen-7b=1	NA	NA	NA
2026-07-09T20:13:57Z	dsllama-8b=1,dsqwen-14b=1,dsqwen-7b=1	NA	NA	NA
2026-07-09T20:14:13Z	dsllama-8b=1,dsqwen-14b=1,dsqwen-7b=1	NA	NA	NA
2026-07-09T20:14:29Z	dsllama-8b=1,dsqwen-14b=1,dsqwen-7b=1	NA	NA	NA
2026-07-09T20:14:44Z	dsllama-8b=1,dsqwen-14b=1,dsqwen-7b=1	NA	NA	NA
2026-07-09T20:15:00Z	dsllama-8b=1,dsqwen-14b=1,dsqwen-7b=1	NA	NA	NA
2026-07-09T20:15:16Z	dsllama-8b=1,dsqwen-14b=1,dsqwen-7b=1	NA	NA	NA
2026-07-09T20:15:31Z	dsllama-8b=1,dsqwen-14b=1,dsqwen-7b=1	NA	NA	NA
2026-07-09T20:15:47Z	dsllama-8b=1,dsqwen-14b=1,dsqwen-7b=1	NA	NA	NA
2026-07-09T20:16:03Z	dsllama-8b=1,dsqwen-14b=1,dsqwen-7b=1	NA	NA	NA
2026-07-09T20:16:18Z	dsllama-8b=1,dsqwen-14b=1,dsqwen-7b=1	NA	NA	NA
2026-07-09T20:16:34Z	dsllama-8b=1,dsqwen-14b=1,dsqwen-7b=1	NA	NA	NA
2026-07-09T20:16:50Z	dsllama-8b=1,dsqwen-14b=1,dsqwen-7b=1	NA	NA	NA
2026-07-09T20:17:06Z	dsllama-8b=1,dsqwen-14b=1,dsqwen-7b=1	NA	NA	NA
2026-07-09T20:17:21Z	dsllama-8b=1,dsqwen-14b=1,dsqwen-7b=1	NA	NA	NA
2026-07-09T20:17:37Z	dsllama-8b=1,dsqwen-14b=1,dsqwen-7b=1	NA	NA	NA
2026-07-09T20:17:53Z	dsllama-8b=1,dsqwen-14b=1,dsqwen-7b=1	NA	NA	NA
2026-07-09T20:18:08Z	dsllama-8b=1,dsqwen-14b=1,dsqwen-7b=1	NA	NA	NA
2026-07-09T20:18:24Z	dsllama-8b=1,dsqwen-14b=1,dsqwen-7b=1	NA	NA	NA
2026-07-09T20:18:40Z	dsllama-8b=1,dsqwen-14b=1,dsqwen-7b=1	NA	NA	NA
2026-07-09T20:18:56Z	dsllama-8b=1,dsqwen-14b=1,dsqwen-7b=1	NA	NA	NA
2026-07-09T20:19:11Z	dsllama-8b=1,dsqwen-14b=1,dsqwen-7b=1	NA	NA	NA
2026-07-09T20:19:27Z	dsllama-8b=1,dsqwen-14b=1,dsqwen-7b=1	NA	NA	NA
2026-07-09T20:19:43Z	dsllama-8b=1,dsqwen-14b=1,dsqwen-7b=1	NA	NA	NA
2026-07-09T20:19:58Z	dsllama-8b=1,dsqwen-14b=1,dsqwen-7b=1	NA	NA	NA
2026-07-09T20:20:14Z	dsllama-8b=1,dsqwen-14b=1,dsqwen-7b=1	NA	NA	NA
2026-07-09T20:20:30Z	dsllama-8b=1,dsqwen-14b=1,dsqwen-7b=1	NA	NA	NA
2026-07-09T20:20:45Z	dsllama-8b=1,dsqwen-14b=1,dsqwen-7b=1	NA	NA	NA
2026-07-09T20:21:01Z	dsllama-8b=1,dsqwen-14b=1,dsqwen-7b=1	NA	NA	NA
2026-07-09T20:21:17Z	dsllama-8b=1,dsqwen-14b=1,dsqwen-7b=1	NA	NA	NA
2026-07-09T20:21:33Z	dsllama-8b=1,dsqwen-14b=1,dsqwen-7b=1	NA	NA	NA
2026-07-09T20:21:48Z	dsllama-8b=1,dsqwen-14b=1,dsqwen-7b=1	NA	NA	NA
2026-07-09T20:22:04Z	dsllama-8b=1,dsqwen-14b=1,dsqwen-7b=1	NA	NA	NA
2026-07-09T20:22:20Z	dsllama-8b=1,dsqwen-14b=1,dsqwen-7b=1	NA	NA	NA
2026-07-09T20:22:36Z	dsllama-8b=1,dsqwen-14b=1,dsqwen-7b=1	NA	NA	NA
2026-07-09T20:22:51Z	dsllama-8b=1,dsqwen-14b=1,dsqwen-7b=1	NA	NA	NA
2026-07-09T20:23:07Z	dsllama-8b=1,dsqwen-14b=1,dsqwen-7b=1	NA	NA	NA
2026-07-09T20:23:23Z	dsllama-8b=1,dsqwen-14b=1,dsqwen-7b=1	NA	NA	NA
2026-07-09T20:23:38Z	dsllama-8b=1,dsqwen-14b=1,dsqwen-7b=1	NA	NA	NA
2026-07-09T20:23:54Z	dsllama-8b=1,dsqwen-14b=1,dsqwen-7b=1	NA	NA	NA
2026-07-09T20:24:10Z	dsllama-8b=1,dsqwen-14b=1,dsqwen-7b=1	NA	NA	NA
2026-07-09T20:24:26Z	dsllama-8b=1,dsqwen-14b=1,dsqwen-7b=1	NA	NA	NA
2026-07-09T20:24:41Z	dsllama-8b=1,dsqwen-14b=1,dsqwen-7b=1	NA	NA	NA
2026-07-09T20:24:57Z	dsllama-8b=1,dsqwen-14b=1,dsqwen-7b=1	NA	NA	NA
2026-07-09T20:25:13Z	dsllama-8b=1,dsqwen-14b=1,dsqwen-7b=1	NA	NA	NA
2026-07-09T20:25:28Z	dsllama-8b=1,dsqwen-14b=1,dsqwen-7b=1	NA	NA	NA
2026-07-09T20:25:44Z	dsllama-8b=1,dsqwen-14b=1,dsqwen-7b=1	NA	NA	NA
2026-07-09T20:26:00Z	dsllama-8b=1,dsqwen-14b=1,dsqwen-7b=1	NA	NA	NA
2026-07-09T20:26:16Z	dsllama-8b=1,dsqwen-14b=1,dsqwen-7b=1	NA	NA	NA
2026-07-09T20:26:31Z	dsllama-8b=1,dsqwen-14b=1,dsqwen-7b=1	NA	NA	NA
2026-07-09T20:26:47Z	dsllama-8b=1,dsqwen-14b=1,dsqwen-7b=1	NA	NA	NA
2026-07-09T20:27:03Z	dsllama-8b=1,dsqwen-14b=1,dsqwen-7b=1	NA	NA	NA
2026-07-09T20:27:19Z	dsllama-8b=1,dsqwen-14b=1,dsqwen-7b=1	NA	NA	NA
2026-07-09T20:27:34Z	dsllama-8b=1,dsqwen-14b=1,dsqwen-7b=1	NA	NA	NA
2026-07-09T20:27:50Z	dsllama-8b=1,dsqwen-14b=1,dsqwen-7b=1	NA	NA	NA
2026-07-09T20:28:06Z	dsllama-8b=1,dsqwen-14b=1,dsqwen-7b=1	NA	NA	NA
2026-07-09T20:28:21Z	dsllama-8b=1,dsqwen-14b=1,dsqwen-7b=1	NA	NA	NA
2026-07-09T20:28:37Z	dsllama-8b=1,dsqwen-14b=1,dsqwen-7b=1	NA	NA	NA
2026-07-09T20:28:53Z	dsllama-8b=1,dsqwen-14b=1,dsqwen-7b=1	NA	NA	NA
2026-07-09T20:29:08Z	dsllama-8b=1,dsqwen-14b=1,dsqwen-7b=1	NA	NA	NA
2026-07-09T20:29:24Z	dsllama-8b=1,dsqwen-14b=1,dsqwen-7b=1	NA	NA	NA
2026-07-09T20:29:40Z	dsllama-8b=1,dsqwen-14b=1,dsqwen-7b=1	NA	NA	NA
2026-07-09T20:29:56Z	dsllama-8b=1,dsqwen-14b=1,dsqwen-7b=1	NA	NA	NA
2026-07-09T20:30:11Z	dsllama-8b=1,dsqwen-14b=1,dsqwen-7b=1	NA	NA	NA
2026-07-09T20:30:27Z	dsllama-8b=1,dsqwen-14b=1,dsqwen-7b=1	NA	NA	NA
2026-07-09T20:30:43Z	dsllama-8b=1,dsqwen-14b=1,dsqwen-7b=1	NA	NA	NA
2026-07-09T20:30:58Z	dsllama-8b=1,dsqwen-14b=1,dsqwen-7b=1	NA	NA	NA
2026-07-09T20:31:14Z	dsllama-8b=1,dsqwen-14b=1,dsqwen-7b=1	NA	NA	NA
2026-07-09T20:31:30Z	dsllama-8b=1,dsqwen-14b=1,dsqwen-7b=1	NA	NA	NA
2026-07-09T20:31:45Z	dsllama-8b=1,dsqwen-14b=1,dsqwen-7b=1	NA	NA	NA
2026-07-09T20:32:01Z	dsllama-8b=1,dsqwen-14b=1,dsqwen-7b=1	NA	NA	NA
2026-07-09T20:32:17Z	dsllama-8b=1,dsqwen-14b=1,dsqwen-7b=1	NA	NA	NA
2026-07-09T20:32:33Z	dsllama-8b=1,dsqwen-14b=1,dsqwen-7b=1	NA	NA	NA
2026-07-09T20:32:48Z	dsllama-8b=1,dsqwen-14b=1,dsqwen-7b=1	NA	NA	NA
2026-07-09T20:33:04Z	dsllama-8b=1,dsqwen-14b=1,dsqwen-7b=1	NA	NA	NA
2026-07-09T20:33:20Z	dsllama-8b=1,dsqwen-14b=1,dsqwen-7b=1	NA	NA	NA
2026-07-09T20:33:35Z	dsllama-8b=1,dsqwen-14b=1,dsqwen-7b=1	NA	NA	NA
2026-07-09T20:33:51Z	dsllama-8b=1,dsqwen-14b=1,dsqwen-7b=1	NA	NA	NA
2026-07-09T20:34:07Z	dsllama-8b=1,dsqwen-14b=1,dsqwen-7b=1	NA	NA	NA
2026-07-09T20:34:23Z	dsllama-8b=1,dsqwen-14b=1,dsqwen-7b=1	NA	NA	NA
2026-07-09T20:34:38Z	dsllama-8b=1,dsqwen-14b=1,dsqwen-7b=1	NA	NA	NA
2026-07-09T20:34:54Z	dsllama-8b=1,dsqwen-14b=1,dsqwen-7b=1	NA	NA	NA
2026-07-09T20:35:10Z	dsllama-8b=1,dsqwen-14b=1,dsqwen-7b=1	NA	NA	NA
2026-07-09T20:35:25Z	dsllama-8b=1,dsqwen-14b=1,dsqwen-7b=1	NA	NA	NA
2026-07-09T20:35:41Z	dsllama-8b=1,dsqwen-14b=1,dsqwen-7b=1	NA	NA	NA
2026-07-09T20:35:57Z	dsllama-8b=1,dsqwen-14b=1,dsqwen-7b=1	NA	NA	NA
2026-07-09T20:36:12Z	dsllama-8b=1,dsqwen-14b=1,dsqwen-7b=1	NA	NA	NA
2026-07-09T20:36:28Z	dsllama-8b=1,dsqwen-14b=1,dsqwen-7b=1	NA	NA	NA
2026-07-09T20:36:44Z	dsllama-8b=1,dsqwen-14b=1,dsqwen-7b=1	NA	NA	NA
2026-07-09T20:36:59Z	dsllama-8b=1,dsqwen-14b=1,dsqwen-7b=1	NA	NA	NA
2026-07-09T20:37:15Z	dsllama-8b=1,dsqwen-14b=1,dsqwen-7b=1	NA	NA	NA
2026-07-09T20:37:31Z	dsllama-8b=1,dsqwen-14b=1,dsqwen-7b=1	NA	NA	NA
2026-07-09T20:37:46Z	dsllama-8b=1,dsqwen-14b=1,dsqwen-7b=1	NA	NA	NA
2026-07-09T20:38:02Z	dsllama-8b=1,dsqwen-14b=1,dsqwen-7b=1	NA	NA	NA
2026-07-09T20:38:18Z	dsllama-8b=1,dsqwen-14b=1,dsqwen-7b=1	NA	NA	NA
2026-07-09T20:38:33Z	dsllama-8b=1,dsqwen-14b=1,dsqwen-7b=1	NA	NA	NA
2026-07-09T20:38:49Z	dsllama-8b=1,dsqwen-14b=1,dsqwen-7b=1	NA	NA	NA
2026-07-09T20:39:05Z	dsllama-8b=1,dsqwen-14b=1,dsqwen-7b=1	NA	NA	NA
2026-07-09T20:39:21Z	dsllama-8b=1,dsqwen-14b=1,dsqwen-7b=1	NA	NA	NA
2026-07-09T20:39:36Z	dsllama-8b=1,dsqwen-14b=1,dsqwen-7b=1	NA	NA	NA
2026-07-09T20:39:52Z	dsllama-8b=1,dsqwen-14b=1,dsqwen-7b=1	NA	NA	NA
2026-07-09T20:40:08Z	dsllama-8b=1,dsqwen-14b=1,dsqwen-7b=1	NA	NA	NA
2026-07-09T20:40:23Z	dsllama-8b=1,dsqwen-14b=1,dsqwen-7b=1	NA	NA	NA
2026-07-09T20:40:39Z	dsllama-8b=1,dsqwen-14b=1,dsqwen-7b=1	NA	NA	NA
2026-07-09T20:40:55Z	dsllama-8b=1,dsqwen-14b=1,dsqwen-7b=1	NA	NA	NA
2026-07-09T20:41:11Z	dsllama-8b=1,dsqwen-14b=1,dsqwen-7b=1	NA	NA	NA
2026-07-09T20:41:26Z	dsllama-8b=1,dsqwen-14b=1,dsqwen-7b=1	NA	NA	NA
2026-07-09T20:41:42Z	dsllama-8b=1,dsqwen-14b=1,dsqwen-7b=1	NA	NA	NA
2026-07-09T20:41:58Z	dsllama-8b=1,dsqwen-14b=1,dsqwen-7b=1	NA	NA	NA
2026-07-09T20:42:13Z	dsllama-8b=1,dsqwen-14b=1,dsqwen-7b=1	NA	NA	NA
2026-07-09T20:42:29Z	dsllama-8b=1,dsqwen-14b=1,dsqwen-7b=1	NA	NA	NA
2026-07-09T20:42:45Z	dsllama-8b=1,dsqwen-14b=1,dsqwen-7b=1	NA	NA	NA
2026-07-09T20:43:00Z	dsllama-8b=1,dsqwen-14b=1,dsqwen-7b=1	NA	NA	NA
2026-07-09T20:43:16Z	dsllama-8b=1,dsqwen-14b=1,dsqwen-7b=1	NA	NA	NA
2026-07-09T20:43:32Z	dsllama-8b=1,dsqwen-14b=1,dsqwen-7b=1	NA	NA	NA
2026-07-09T20:43:47Z	dsllama-8b=1,dsqwen-14b=1,dsqwen-7b=1	NA	NA	NA
2026-07-09T20:44:03Z	dsllama-8b=1,dsqwen-14b=1,dsqwen-7b=1	NA	NA	NA
2026-07-09T20:44:19Z	dsllama-8b=1,dsqwen-14b=1,dsqwen-7b=1	NA	NA	NA
2026-07-09T20:44:34Z	dsllama-8b=1,dsqwen-14b=1,dsqwen-7b=1	NA	NA	NA
2026-07-09T20:44:50Z	dsllama-8b=1,dsqwen-14b=1,dsqwen-7b=1	NA	NA	NA
2026-07-09T20:45:06Z	dsllama-8b=1,dsqwen-14b=1,dsqwen-7b=1	NA	NA	NA
2026-07-09T20:45:22Z	dsllama-8b=1,dsqwen-14b=1,dsqwen-7b=1	NA	NA	NA
2026-07-09T20:45:37Z	dsllama-8b=1,dsqwen-14b=1,dsqwen-7b=1	NA	NA	NA
2026-07-09T20:45:53Z	dsllama-8b=1,dsqwen-14b=1,dsqwen-7b=1	NA	NA	NA
2026-07-09T20:46:09Z	dsllama-8b=1,dsqwen-14b=1,dsqwen-7b=1	NA	NA	NA
2026-07-09T20:46:24Z	dsllama-8b=1,dsqwen-14b=1,dsqwen-7b=1	NA	NA	NA
2026-07-09T20:46:40Z	dsllama-8b=1,dsqwen-14b=1,dsqwen-7b=1	NA	NA	NA
2026-07-09T20:46:56Z	dsllama-8b=1,dsqwen-14b=1,dsqwen-7b=1	NA	NA	NA
2026-07-09T20:47:11Z	dsllama-8b=1,dsqwen-14b=1,dsqwen-7b=1	NA	NA	NA
2026-07-09T20:47:27Z	dsllama-8b=1,dsqwen-14b=1,dsqwen-7b=1	NA	NA	NA
2026-07-09T20:47:43Z	dsllama-8b=1,dsqwen-14b=1,dsqwen-7b=1	NA	NA	NA
2026-07-09T20:47:59Z	dsllama-8b=1,dsqwen-14b=1,dsqwen-7b=1	NA	NA	NA
2026-07-09T20:48:14Z	dsllama-8b=1,dsqwen-14b=1,dsqwen-7b=1	NA	NA	NA
2026-07-09T20:48:30Z	dsllama-8b=1,dsqwen-14b=1,dsqwen-7b=1	NA	NA	NA
2026-07-09T20:48:46Z	dsllama-8b=1,dsqwen-14b=1,dsqwen-7b=1	NA	NA	NA
2026-07-09T20:49:01Z	dsllama-8b=1,dsqwen-14b=1,dsqwen-7b=1	NA	NA	NA
2026-07-09T20:49:17Z	dsllama-8b=1,dsqwen-14b=1,dsqwen-7b=1	NA	NA	NA
2026-07-09T20:49:33Z	dsllama-8b=1,dsqwen-14b=1,dsqwen-7b=1	NA	NA	NA
2026-07-09T20:49:49Z	dsllama-8b=1,dsqwen-14b=1,dsqwen-7b=1	NA	NA	NA
2026-07-09T20:50:04Z	dsllama-8b=1,dsqwen-14b=1,dsqwen-7b=1	NA	NA	NA
2026-07-09T20:50:20Z	dsllama-8b=1,dsqwen-14b=1,dsqwen-7b=1	NA	NA	NA
2026-07-09T20:50:36Z	dsllama-8b=1,dsqwen-14b=1,dsqwen-7b=1	NA	NA	NA
2026-07-09T20:50:51Z	dsllama-8b=1,dsqwen-14b=1,dsqwen-7b=1	NA	NA	NA
2026-07-09T20:51:07Z	dsllama-8b=1,dsqwen-14b=1,dsqwen-7b=1	NA	NA	NA
2026-07-09T20:51:23Z	dsllama-8b=1,dsqwen-14b=1,dsqwen-7b=1	NA	NA	NA
2026-07-09T20:51:39Z	dsllama-8b=1,dsqwen-14b=1,dsqwen-7b=1	NA	NA	NA
2026-07-09T20:51:54Z	dsllama-8b=1,dsqwen-14b=1,dsqwen-7b=1	NA	NA	NA
2026-07-09T20:52:10Z	dsllama-8b=1,dsqwen-14b=1,dsqwen-7b=1	NA	NA	NA
2026-07-09T20:52:26Z	dsllama-8b=1,dsqwen-14b=1,dsqwen-7b=1	NA	NA	NA
2026-07-09T20:52:41Z	dsllama-8b=1,dsqwen-14b=1,dsqwen-7b=1	NA	NA	NA
2026-07-09T20:52:57Z	dsllama-8b=1,dsqwen-14b=1,dsqwen-7b=1	NA	NA	NA
2026-07-09T20:53:13Z	dsllama-8b=1,dsqwen-14b=1,dsqwen-7b=1	NA	NA	NA
2026-07-09T20:53:28Z	dsllama-8b=1,dsqwen-14b=1,dsqwen-7b=1	NA	NA	NA
2026-07-09T20:53:44Z	dsllama-8b=1,dsqwen-14b=1,dsqwen-7b=1	NA	NA	NA
2026-07-09T20:54:00Z	dsllama-8b=1,dsqwen-14b=1,dsqwen-7b=1	NA	NA	NA
2026-07-09T20:54:15Z	dsllama-8b=1,dsqwen-14b=1,dsqwen-7b=1	NA	NA	NA
2026-07-09T20:54:31Z	dsllama-8b=1,dsqwen-14b=1,dsqwen-7b=1	NA	NA	NA
2026-07-09T20:54:47Z	dsllama-8b=1,dsqwen-14b=1,dsqwen-7b=1	NA	NA	NA
2026-07-09T20:55:03Z	dsllama-8b=1,dsqwen-14b=1,dsqwen-7b=1	NA	NA	NA
2026-07-09T20:55:18Z	dsllama-8b=1,dsqwen-14b=1,dsqwen-7b=1	NA	NA	NA
2026-07-09T20:55:34Z	dsllama-8b=1,dsqwen-14b=1,dsqwen-7b=1	NA	NA	NA
2026-07-09T20:55:50Z	dsllama-8b=1,dsqwen-14b=1,dsqwen-7b=1	NA	NA	NA
2026-07-09T20:56:05Z	dsllama-8b=1,dsqwen-14b=1,dsqwen-7b=1	NA	NA	NA
2026-07-09T20:56:21Z	dsllama-8b=1,dsqwen-14b=1,dsqwen-7b=1	NA	NA	NA
2026-07-09T20:56:37Z	dsllama-8b=1,dsqwen-14b=1,dsqwen-7b=1	NA	NA	NA
2026-07-09T20:56:52Z	dsllama-8b=1,dsqwen-14b=1,dsqwen-7b=1	NA	NA	NA
2026-07-09T20:57:08Z	dsllama-8b=1,dsqwen-14b=1,dsqwen-7b=1	NA	NA	NA
2026-07-09T20:57:24Z	dsllama-8b=1,dsqwen-14b=1,dsqwen-7b=1	NA	NA	NA
2026-07-09T20:57:40Z	dsllama-8b=1,dsqwen-14b=1,dsqwen-7b=1	NA	NA	NA
2026-07-09T20:57:55Z	dsllama-8b=1,dsqwen-14b=1,dsqwen-7b=1	NA	NA	NA
2026-07-09T20:58:11Z	dsllama-8b=1,dsqwen-14b=1,dsqwen-7b=1	NA	NA	NA
2026-07-09T20:58:27Z	dsllama-8b=1,dsqwen-14b=1,dsqwen-7b=1	NA	NA	NA
2026-07-09T20:58:42Z	dsllama-8b=1,dsqwen-14b=1,dsqwen-7b=1	NA	NA	NA
2026-07-09T20:58:58Z	dsllama-8b=1,dsqwen-14b=1,dsqwen-7b=1	NA	NA	NA
2026-07-09T20:59:14Z	dsllama-8b=1,dsqwen-14b=1,dsqwen-7b=1	NA	NA	NA
2026-07-09T20:59:29Z	dsllama-8b=1,dsqwen-14b=1,dsqwen-7b=1	NA	NA	NA
2026-07-09T20:59:45Z	dsllama-8b=1,dsqwen-14b=1,dsqwen-7b=1	NA	NA	NA
2026-07-09T21:00:01Z	dsllama-8b=1,dsqwen-14b=1,dsqwen-7b=1	NA	NA	NA
2026-07-09T21:00:16Z	dsllama-8b=1,dsqwen-14b=1,dsqwen-7b=1	NA	NA	NA
2026-07-09T21:00:32Z	dsllama-8b=1,dsqwen-14b=1,dsqwen-7b=1	NA	NA	NA
2026-07-09T21:00:48Z	dsllama-8b=1,dsqwen-14b=1,dsqwen-7b=1	NA	NA	NA
2026-07-09T21:01:04Z	dsllama-8b=1,dsqwen-14b=1,dsqwen-7b=1	NA	NA	NA
2026-07-09T21:01:19Z	dsllama-8b=1,dsqwen-14b=1,dsqwen-7b=1	NA	NA	NA
2026-07-09T21:01:35Z	dsllama-8b=1,dsqwen-14b=1,dsqwen-7b=1	NA	NA	NA
2026-07-09T21:01:51Z	dsllama-8b=1,dsqwen-14b=1,dsqwen-7b=1	NA	NA	NA
2026-07-09T21:02:06Z	dsllama-8b=1,dsqwen-14b=1,dsqwen-7b=1	NA	NA	NA
2026-07-09T21:02:22Z	dsllama-8b=1,dsqwen-14b=1,dsqwen-7b=1	NA	NA	NA
2026-07-09T21:02:38Z	dsllama-8b=1,dsqwen-14b=1,dsqwen-7b=1	NA	NA	NA
2026-07-09T21:02:54Z	dsllama-8b=1,dsqwen-14b=1,dsqwen-7b=1	NA	NA	NA
2026-07-09T21:03:09Z	dsllama-8b=1,dsqwen-14b=1,dsqwen-7b=1	NA	NA	NA
2026-07-09T21:03:25Z	dsllama-8b=1,dsqwen-14b=1,dsqwen-7b=1	NA	NA	NA
2026-07-09T21:03:41Z	dsllama-8b=1,dsqwen-14b=1,dsqwen-7b=1	NA	NA	NA
2026-07-09T21:03:56Z	dsllama-8b=1,dsqwen-14b=1,dsqwen-7b=1	NA	NA	NA
2026-07-09T21:04:12Z	dsllama-8b=1,dsqwen-14b=1,dsqwen-7b=1	NA	NA	NA
2026-07-09T21:04:28Z	dsllama-8b=1,dsqwen-14b=1,dsqwen-7b=1	NA	NA	NA
2026-07-09T21:04:43Z	dsllama-8b=1,dsqwen-14b=1,dsqwen-7b=1	NA	NA	NA
2026-07-09T21:04:59Z	dsllama-8b=1,dsqwen-14b=1,dsqwen-7b=1	NA	NA	NA
2026-07-09T21:05:15Z	dsllama-8b=1,dsqwen-14b=1,dsqwen-7b=1	NA	NA	NA
2026-07-09T21:05:30Z	dsllama-8b=1,dsqwen-14b=1,dsqwen-7b=1	NA	NA	NA
2026-07-09T21:05:46Z	dsllama-8b=1,dsqwen-14b=1,dsqwen-7b=1	NA	NA	NA
2026-07-09T21:06:02Z	dsllama-8b=1,dsqwen-14b=1,dsqwen-7b=1	NA	NA	NA
2026-07-09T21:06:18Z	dsllama-8b=1,dsqwen-14b=1,dsqwen-7b=1	NA	NA	NA
2026-07-09T21:06:33Z	dsllama-8b=1,dsqwen-14b=1,dsqwen-7b=1	NA	NA	NA
2026-07-09T21:06:49Z	dsllama-8b=1,dsqwen-14b=1,dsqwen-7b=1	NA	NA	NA
2026-07-09T21:07:05Z	dsllama-8b=1,dsqwen-14b=1,dsqwen-7b=1	NA	NA	NA
2026-07-09T21:07:20Z	dsllama-8b=1,dsqwen-14b=1,dsqwen-7b=1	NA	NA	NA
2026-07-09T21:07:36Z	dsllama-8b=1,dsqwen-14b=1,dsqwen-7b=1	NA	NA	NA
2026-07-09T21:07:52Z	dsllama-8b=1,dsqwen-14b=1,dsqwen-7b=1	NA	NA	NA
2026-07-09T21:08:07Z	dsllama-8b=1,dsqwen-14b=1,dsqwen-7b=1	NA	NA	NA
2026-07-09T21:08:23Z	dsllama-8b=1,dsqwen-14b=1,dsqwen-7b=1	NA	NA	NA
2026-07-09T21:08:39Z	dsllama-8b=1,dsqwen-14b=1,dsqwen-7b=1	NA	NA	NA
2026-07-09T21:08:54Z	dsllama-8b=1,dsqwen-14b=1,dsqwen-7b=1	NA	NA	NA
2026-07-09T21:09:10Z	dsllama-8b=1,dsqwen-14b=1,dsqwen-7b=1	NA	NA	NA
2026-07-09T21:09:26Z	dsllama-8b=1,dsqwen-14b=1,dsqwen-7b=1	NA	NA	NA
2026-07-09T21:09:42Z	dsllama-8b=1,dsqwen-14b=1,dsqwen-7b=1	NA	NA	NA
2026-07-09T21:09:57Z	dsllama-8b=1,dsqwen-14b=1,dsqwen-7b=1	NA	NA	NA
2026-07-09T21:10:13Z	dsllama-8b=1,dsqwen-14b=1,dsqwen-7b=1	NA	NA	NA
2026-07-09T21:10:29Z	dsllama-8b=1,dsqwen-14b=1,dsqwen-7b=1	NA	NA	NA
2026-07-09T21:10:44Z	dsllama-8b=1,dsqwen-14b=1,dsqwen-7b=1	NA	NA	NA
2026-07-09T21:11:00Z	dsllama-8b=1,dsqwen-14b=1,dsqwen-7b=1	NA	NA	NA
2026-07-09T21:11:16Z	dsllama-8b=1,dsqwen-14b=1,dsqwen-7b=1	NA	NA	NA
2026-07-09T21:11:32Z	dsllama-8b=1,dsqwen-14b=1,dsqwen-7b=1	NA	NA	NA
2026-07-09T21:11:47Z	dsllama-8b=1,dsqwen-14b=1,dsqwen-7b=1	NA	NA	NA
2026-07-09T21:12:03Z	dsllama-8b=1,dsqwen-14b=1,dsqwen-7b=1	NA	NA	NA
2026-07-09T21:12:19Z	dsllama-8b=1,dsqwen-14b=1,dsqwen-7b=1	NA	NA	NA
2026-07-09T21:12:35Z	dsllama-8b=1,dsqwen-14b=1,dsqwen-7b=1	NA	NA	NA
2026-07-09T21:12:50Z	dsllama-8b=1,dsqwen-14b=1,dsqwen-7b=1	NA	NA	NA
2026-07-09T21:13:06Z	dsllama-8b=1,dsqwen-14b=1,dsqwen-7b=1	NA	NA	NA
2026-07-09T21:13:22Z	dsllama-8b=1,dsqwen-14b=1,dsqwen-7b=1	NA	NA	NA
2026-07-09T21:13:37Z	dsllama-8b=1,dsqwen-14b=1,dsqwen-7b=1	NA	NA	NA
2026-07-09T21:13:53Z	dsllama-8b=1,dsqwen-14b=1,dsqwen-7b=1	NA	NA	NA
2026-07-09T21:14:09Z	dsllama-8b=1,dsqwen-14b=1,dsqwen-7b=1	NA	NA	NA
2026-07-09T21:14:25Z	dsllama-8b=1,dsqwen-14b=1,dsqwen-7b=1	NA	NA	NA
2026-07-09T21:14:40Z	dsllama-8b=1,dsqwen-14b=1,dsqwen-7b=1	NA	NA	NA
2026-07-09T21:14:56Z	dsllama-8b=1,dsqwen-14b=1,dsqwen-7b=1	NA	NA	NA
2026-07-09T21:15:12Z	dsllama-8b=1,dsqwen-14b=1,dsqwen-7b=1	NA	NA	NA
2026-07-09T21:15:27Z	dsllama-8b=1,dsqwen-14b=1,dsqwen-7b=1	NA	NA	NA
2026-07-09T21:15:43Z	dsllama-8b=1,dsqwen-14b=1,dsqwen-7b=1	NA	NA	NA
2026-07-09T21:15:59Z	dsllama-8b=1,dsqwen-14b=1,dsqwen-7b=1	NA	NA	NA
2026-07-09T21:16:15Z	dsllama-8b=1,dsqwen-14b=1,dsqwen-7b=1	NA	NA	NA
